descrizione,likes,retweets,data,,,,,,,,,,,,,,,,,,,,,,,,,,,,,,,,,,,,,,,,,,,,,
"#Coronavirus, la #Lombardia verso misure restrittive. Nella bozza della nuova ordinanza coprifuoco dalle 23 alle 5 e autocertificazione 
#ANSA
https://t.co/tTAS6t99F6",10,7,2020-10-21,10:09:31,,,,,,,,,,,,,,,,,,,,,,,,,,,,,,,,,,,,,,,,,,,,
"#Covid, Gabriele #Salvatores in isolamento, non sar√† alla Festa di Roma - #Cinema 
#ANSA
https://t.co/U3GA8FyCQa",24,7,2020-10-21,09:52:21,,,,,,,,,,,,,,,,,,,,,,,,,,,,,,,,,,,,,,,,,,,,
"#Covid: Guerra (#Oms), ok a prototipo del #vaccino entro l'anno
#ANSA
https://t.co/DuokoNEkFG",18,3,2020-10-21,09:39:05,,,,,,,,,,,,,,,,,,,,,,,,,,,,,,,,,,,,,,,,,,,,
"Il #Veneto registra un boom di casi #Covid, +1.422 in un giorno
#Coronavirus
#ANSA
https://t.co/3J7igQAzeI",20,10,2020-10-21,09:04:30,,,,,,,,,,,,,,,,,,,,,,,,,,,,,,,,,,,,,,,,,,,,
"In Russia 317 morti per Covid in 24 ore, mai cos√¨ tanti
#ANSA
https://t.co/QvAMJDhyfL",18,8,2020-10-21,08:42:08,,,,,,,,,,,,,,,,,,,,,,,,,,,,,,,,,,,,,,,,,,,,
"#Coronavirus il governo lavora a protocollo linee guida chiusure Regioni  
#ANSA
https://t.co/cneX5tPghE",10,8,2020-10-21,08:28:29,,,,,,,,,,,,,,,,,,,,,,,,,,,,,,,,,,,,,,,,,,,,
"#Coronavirus, Trump loda la sua risposta: 'Guardate i nostri numeri rispetto a quelli dell'Europa'  
#Usa2020
#ANSA
https://t.co/P2eZoIAeVV",24,7,2020-10-21,07:45:06,,,,,,,,,,,,,,,,,,,,,,,,,,,,,,,,,,,,,,,,,,,,
"#Coronavirus, l'appello di @robersperanza: 'Evitate gli spostamenti inutili'
#ANSA
 https://t.co/4N293748Pi",49,19,2020-10-21,07:30:59,,,,,,,,,,,,,,,,,,,,,,,,,,,,,,,,,,,,,,,,,,,,
"Effetto #Covid, Cathay Pacific taglia un quarto dei posti di lavoro
#ANSA
https://t.co/CUfF8Mx0e9",10,7,2020-10-21,07:01:54,,,,,,,,,,,,,,,,,,,,,,,,,,,,,,,,,,,,,,,,,,,,
"Il presidente #Mattarella consegna le onorificenze Omri agli 'eroi' nell‚Äôemergenza #Covid. #ANSA #21ottobre
https://t.co/hcbJsl9TH8",17,4,2020-10-21,06:20:03,,,,,,,,,,,,,,,,,,,,,,,,,,,,,,,,,,,,,,,,,,,,
"L'era #Covid spegne il #sorriso, boom di problemi dentali
#Dentisti SIdP, aumentano i casi di frattura, bruxismo, parodontite, carie. #ANSA #21ottobre #Covid_19
https://t.co/JkpCzfN0Wg",28,17,2020-10-21,05:55:02,,,,,,,,,,,,,,,,,,,,,,,,,,,,,,,,,,,,,,,,,,,,
"Controlli da parte dei #Nas dei #Carabinieri  nelle #palestre e piscine di tutta #Italia. L'attivit√† ispettiva √® ovviamente diretta a verificare l'attuazione dei protocolli anti #covid negli impianti sportivi. #ANSA #21ottobre #Covid_19
https://t.co/dA637PV0tu",36,11,2020-10-21,05:40:02,,,,,,,,,,,,,,,,,,,,,,,,,,,,,,,,,,,,,,,,,,,,
"Il ministro della salute @robersperanza : 'La situazione √® molto seria, serve uno sforzo. Il lockdwn non √® deciso, evitate spostamenti inutili' #ANSA @MinisteroSalute #covid #coronavirus
https://t.co/1NLs8vU4by",72,49,2020-10-20,20:11:53,,,,,,,,,,,,,,,,,,,,,,,,,,,,,,,,,,,,,,,,,,,,
"#Covid: #Francia, 20.468 #contagi, impennata di vittime.   262 decessi, fra ospedali e ultimi 4 giorni in case di cura. #ANSA #Covid_19
https://t.co/RBBmjCdhud",46,23,2020-10-20,19:30:44,,,,,,,,,,,,,,,,,,,,,,,,,,,,,,,,,,,,,,,,,,,,
"#covid #Coprifuoco e #strade chiuse, la stretta delle #Regioni. In #Campania #Arzano #zonarossa. A #Roma,#Bari #Firenze #Bologna e #Torino off limits vie e piazze. #Dad in #Liguria al 50% dalla 2/a superiore #ANSA
https://t.co/StCat2SK0q",32,21,2020-10-20,18:45:55,,,,,,,,,,,,,,,,,,,,,,,,,,,,,,,,,,,,,,,,,,,,
"Regno Unito, Boris #Johnson imporr√† restrizioni pi√π severe alla citt√† di #Manchester, sfidando i leader locali che si sono opposti aspramente alla mossa. #ANSA #20ottobre #Covid_19 
https://t.co/2Ri6WLgFAD",17,13,2020-10-20,18:05:44,,,,,,,,,,,,,,,,,,,,,,,,,,,,,,,,,,,,,,,,,,,,
"#Trump attacca la moderatrice e le modifiche del duello tv.  
'Kristen Welker √® terribile e faziosa, legata ai democratici'
#ANSA #Covid #20ottobre @realDonaldTrump #Covid_19
https://t.co/f4i5Nzvtz6",17,7,2020-10-20,18:02:15,,,,,,,,,,,,,,,,,,,,,,,,,,,,,,,,,,,,,,,,,,,,
"#covid Dieci positivi nella Nazionale di #nuoto, anche Simona Quadarella  #ANSA
https://t.co/vLfc48ri8K",41,16,2020-10-20,17:39:40,,,,,,,,,,,,,,,,,,,,,,,,,,,,,,,,,,,,,,,,,,,,
"#Usa, Melania #Trump cancella quella che doveva essere la sua prima apparizione, dopo oltre un anno, in un comizio del marito in #Pennsylvania perch√© non ha recuperato pienamente le condizioni nella convalescenza dal #Covid. #ANSA #20ottobre
@FLOTUS
https://t.co/i7fFVIkCG4",14,6,2020-10-20,17:31:17,,,,,,,,,,,,,,,,,,,,,,,,,,,,,,,,,,,,,,,,,,,,
"#Scuola, #Fontana: 'al via la #sperimentazione con i #test rapidi. #Tamponi antigenici con risultato in 15 minuti'. #ANSA #20ottobre 
@RegLombardia @FontanaPres  #Covid_19 https://t.co/pFnVWSd50m https://t.co/dmTVHuW09B",9,5,2020-10-20,16:58:27,,,,,,,,,,,,,,,,,,,,,,,,,,,,,,,,,,,,,,,,,,,,
#Lombardia:,sono,2023,i,nuovi,casi,i,con,21726,#tamponi,effettuati,,per,una,percentuale,pari,al,9,3%,,in,calo,rispetto,a,ieri,(11,5%).,I,#decessi,sono,19,,per,un,totale,di,17103,morti,dall'inizio,della,#pandemia.,#ANSA,#20ottobre,@RegLombardia,https://t.co/NZHFCzOnJ9,11,13,2020-10-20,16:43:37
"RT @AnsaScienza: La #pandemia rallenta anche le indagini statistiche. 
A fare il punto su @AnsaScienza  gli esperti in occasione del 
#Worl‚Ä¶",0,4,2020-10-20,16:43:01,,,,,,,,,,,,,,,,,,,,,,,,,,,,,,,,,,,,,,,,,,,,
"L'era #Covid spegne il sorriso, boom di problemi dentali
#ANSA
https://t.co/lUCJMnBCSV",12,17,2020-10-20,16:17:39,,,,,,,,,,,,,,,,,,,,,,,,,,,,,,,,,,,,,,,,,,,,
"La Regione #Piemonte introduce  l'obbligo, per le classi della #scuola secondaria di secondo grado, di seguire per  il 50% dei giorni la #didattica digitale a distanza, in alternanza con la presenza in aula. #ANSA #20ottobre #Covid_19 @regionepiemonte
https://t.co/iczPBKnJBh",36,27,2020-10-20,16:04:51,,,,,,,,,,,,,,,,,,,,,,,,,,,,,,,,,,,,,,,,,,,,
"In Italia risalgono a 10.874 i contagi in un giorno. I morti sono 89 . 
I tamponi effettuati sono stati 144mila #Coronavirus #Covid_19
#ANSA
https://t.co/e8VSvuTFRT",35,24,2020-10-20,15:22:35,,,,,,,,,,,,,,,,,,,,,,,,,,,,,,,,,,,,,,,,,,,,
"RT @AnsaScienza: #Covid_19 , perch√© la curva epidemica √® esponenziale
Su @AnsaScienza l 'analisi di @GiorgioSestili fondatore e fra i curat‚Ä¶",0,6,2020-10-20,15:08:59,,,,,,,,,,,,,,,,,,,,,,,,,,,,,,,,,,,,,,,,,,,,
L'intelligenza,artificiale,,contro,#covid,dell'Istituto,italiano,di,tecnologia,e,strumenti,di,diagnosi,precoce,di,VoiceWise,:,al,convegno,sull'Intelligenza,artificiale,di,#ANSA,@HuaweiItalia,@TalentGardenit,@Volopress,@OpenFiberIT,#Bosch,#osservatorioia,https://t.co/5x3ukb7TMS,11,4,2020-10-20,15:05:48,,,,,,,,,,,,,,,
"Controlli dei #Nas in palestre e piscine. Verifiche sull'osservanza dei protocolli anti #covid
#ANSA
https://t.co/tWCIA42hTy",36,15,2020-10-20,14:31:27,,,,,,,,,,,,,,,,,,,,,,,,,,,,,,,,,,,,,,,,,,,,
"'Situazione critica ma con le regole la vita continua': lo ha detto il premier @GiuseppeConteIT , in conferenza stampa  a Palazzo Chigi con Pedro #Sanchez -   #Coronavirus  - LA DIRETTA
#ANSA
https://t.co/GhEXjpMElt",34,7,2020-10-20,14:29:09,,,,,,,,,,,,,,,,,,,,,,,,,,,,,,,,,,,,,,,,,,,,
Oncologi,,stenta,il,recupero,di,1,4,milioni,di,screening,saltati,#Covid,#Tumori,#ANSA,https://t.co/QwwknhuixM,47,38,2020-10-20,13:43:16,,,,,,,,,,,,,,,,,,,,,,,,,,,,,
Nunzia,De,Girolamo,,sono,positiva,al,#Covid.,Il,marito,e,ministro,Francesco,Boccia,negativo,ma,in,isolamento,@N_DeGirolamo,@F_Boccia,#ANSA,https://t.co/K9L32iC5Hk,34,12,2020-10-20,12:19:03,,,,,,,,,,,,,,,,,,,,,,,
"Ecco gli 'eroi' dell'emergenza #Covid. Volti, nomi e storie #FOTO
@Quirinale 
#ANSA
https://t.co/jOwiQRR8Nq",26,12,2020-10-20,11:51:42,,,,,,,,,,,,,,,,,,,,,,,,,,,,,,,,,,,,,,,,,,,,
"La richiesta del coprifuoco dalle 23 alle 5 fatta dalla Regione #Lombardia al governo ""credo non sia del tutto sufficiente per Milano"": √® l'opinione del virologo e membro del Cts regionale Fabrizio Pregliasco #Covid
#ANSA
https://t.co/mD7gxelwMC",30,11,2020-10-20,11:45:04,,,,,,,,,,,,,,,,,,,,,,,,,,,,,,,,,,,,,,,,,,,,
Volontario,per,il,#vaccino,all'ANSA,,lottiamo,insieme,#Covid,#ANSA,https://t.co/heq6e71QsV,10,4,2020-10-20,10:28:10,,,,,,,,,,,,,,,,,,,,,,,,,,,,,,,,,,
"#Covid, al Quirinale la consegna delle onorificenze. Mattarella: siamo chiamati a una prova di orgoglio
#ANSA
https://t.co/b0ThhvZMc0",18,5,2020-10-20,10:18:41,,,,,,,,,,,,,,,,,,,,,,,,,,,,,,,,,,,,,,,,,,,,
"#Mattarella: 'Serve responsabilit√† collettiva'. Il presidente della Repubblica alla cerimonia di consegna delle onorificienze ai cittadini che si sono distinti nella battaglia al #covid
@Quirinale 
#ANSA
https://t.co/WASrPZU2oJ",36,10,2020-10-20,10:01:02,,,,,,,,,,,,,,,,,,,,,,,,,,,,,,,,,,,,,,,,,,,,
#Conte,,possibili,le,prime,dosi,del,#vaccino,ad,inizio,dicembre,@GiuseppeConteIT,#Covid,#ANSA,https://t.co/UkPkJuoaEs,90,38,2020-10-20,09:28:31,,,,,,,,,,,,,,,,,,,,,,,,,,,,,,
"#Covid: Crisanti, Piano nazionale #tamponi inascoltato
#ANSA
https://t.co/LRmJANMC3K",62,21,2020-10-20,09:23:05,,,,,,,,,,,,,,,,,,,,,,,,,,,,,,,,,,,,,,,,,,,,
"#Covid, l'attacco di de Magistris: errori gravi della Regione #Campania, verso il #lockdown
#ANSA
https://t.co/21jSBzrZTS",13,5,2020-10-20,08:08:46,,,,,,,,,,,,,,,,,,,,,,,,,,,,,,,,,,,,,,,,,,,,
"Il virus accelera, mai cos√¨ tanti contagi nel mondo
#Covid #VIDEO #ANSA
https://t.co/9tznofEssq",32,15,2020-10-20,07:40:02,,,,,,,,,,,,,,,,,,,,,,,,,,,,,,,,,,,,,,,,,,,,
#Covid,#Giro,Positivi,ciclista,Uae,e,membro,dello,staff,Ag2r,#ANSA,https://t.co/OOJ9HoLejw,10,8,2020-10-20,07:37:59,,,,,,,,,,,,,,,,,,,,,,,,,,,,,,,,,
"#Coronavirus 'annulla' i mercatini di Natale in Trentino Alto Adige
#ANSA
https://t.co/Ma3Il6q3SR",106,37,2020-10-20,06:20:02,,,,,,,,,,,,,,,,,,,,,,,,,,,,,,,,,,,,,,,,,,,,
"#Coronavirus Locatelli: 'Le prime vaccinazioni la prossima primavera'
#ANSA
https://t.co/UkP0tvuHL9",11,8,2020-10-20,06:00:26,,,,,,,,,,,,,,,,,,,,,,,,,,,,,,,,,,,,,,,,,,,,
"#Coronavirus, il rapporto tra casi positivi e tamponi tocca il record del 9,4%
#ANSA
#ANSAScienza
https://t.co/h6r7pSeYhT",21,22,2020-10-20,05:40:02,,,,,,,,,,,,,,,,,,,,,,,,,,,,,,,,,,,,,,,,,,,,
"#Coronavirus #Gruber conduce da casa: 'Un mio collaboratore ha il #Covid'
#ANSA
https://t.co/fZXImbAfsL",65,19,2020-10-19,19:55:17,,,,,,,,,,,,,,,,,,,,,,,,,,,,,,,,,,,,,,,,,,,,
"#Coronavirus @Fedez : 'Conte ci ha chiesto aiuto per invitare all'uso della mascherina'
#ANSA
 https://t.co/RET6eUxjug",185,29,2020-10-19,19:02:21,,,,,,,,,,,,,,,,,,,,,,,,,,,,,,,,,,,,,,,,,,,,
"#Coronavirus, il coro di #SantaCecilia in quarantena. Un artista √® risultato positivo
#ANSA

https://t.co/mRZyKaBaT6",39,27,2020-10-19,18:38:04,,,,,,,,,,,,,,,,,,,,,,,,,,,,,,,,,,,,,,,,,,,,
"RT @AnsaScienza: #COVID19, rapporto casi positivi-tamponi tocca record del 9,4%. Mai un valore cos√¨ alto nelle ultime settimane
https://t.c‚Ä¶",0,20,2020-10-19,18:35:32,,,,,,,,,,,,,,,,,,,,,,,,,,,,,,,,,,,,,,,,,,,,
"#Coronavirus, ok di @robersperanza all'ipotesi  di misure restrittive in #Lombardia. 'Lavoreremo insieme a Fontana e Sala nelle prossime ore' 
#ANSA
https://t.co/OVRtmWRe86",33,9,2020-10-19,18:32:21,,,,,,,,,,,,,,,,,,,,,,,,,,,,,,,,,,,,,,,,,,,,
"#Coronavirus, La Lombardia chiede al governo il coprifuoco nella Regione dalle 23. Preoccupa la previsione che al 31 ottobre possano esserci 600 ricoveri in terapia intensiva
#ANSA
 https://t.co/GJaUu1swTU",60,45,2020-10-19,17:52:34,,,,,,,,,,,,,,,,,,,,,,,,,,,,,,,,,,,,,,,,,,,,
"il #Covid annulla i #mercatini di #Natale: 'Impossibile rispettare il #dpcm ed evitare #assembramenti' #ANSA
https://t.co/qLNblblwY0",136,59,2020-10-19,16:52:38,,,,,,,,,,,,,,,,,,,,,,,,,,,,,,,,,,,,,,,,,,,,
"#Covid: Brigitte Macron in isolamento. 'Non ha sintomi ma √® stata in contatto con una persona positiva' #ANSA
https://t.co/HOgaCAUe56",18,7,2020-10-19,16:23:11,,,,,,,,,,,,,,,,,,,,,,,,,,,,,,,,,,,,,,,,,,,,
"#covid 'Considerare il #coprifuoco nelle grandi citt√† per scongiurare il #lockdown a #Natale'. Lo afferma il virologo @preglias . 'Con l'uso della #mascherina la stagione dell'#influenza sar√† pi√π lieve' #ANSA
https://t.co/SRWaN6QHHl",32,12,2020-10-19,16:04:05,,,,,,,,,,,,,,,,,,,,,,,,,,,,,,,,,,,,,,,,,,,,
"#Covid animatori feste a Napoli: 'Se ci chiudi poi ci aiuti'.  'Da De Luca stop a qualsiasi cerimonia, abbiamo acqua alla gola' FOTO #ANSA  
https://t.co/oBXn97WDWc",10,7,2020-10-19,15:53:13,,,,,,,,,,,,,,,,,,,,,,,,,,,,,,,,,,,,,,,,,,,,
"#covid 'Oggi sono mareggiate rispetto allo #tsunami di marzo' dice il viceministro al @MinisteroSalute  @piersileri  che raccomanda 'al chiuso sempre la #mascherina, anche in #palestra' @1giornodapecora  @RaiRadio1 #ANSA
https://t.co/RdGqe26MZR",14,3,2020-10-19,15:47:57,,,,,,,,,,,,,,,,,,,,,,,,,,,,,,,,,,,,,,,,,,,,
"#covid, nuovo forte aumento dei contagi in #Campania 1.593 rispetto a 1.376 in 24 ore con meno tamponi. Ventuno morti dal primo al 17 ottobre #ANSA
https://t.co/lavrrUnO57",19,12,2020-10-19,15:33:08,,,,,,,,,,,,,,,,,,,,,,,,,,,,,,,,,,,,,,,,,,,,
"#Covid  i casi scendono sotto i 10mila, sono 9.338 I nuovi positivi in 24 ore. Calano i tamponi, 73 i morti #ANSA #coronavirus
https://t.co/U9LKtBgINI",33,11,2020-10-19,15:30:18,,,,,,,,,,,,,,,,,,,,,,,,,,,,,,,,,,,,,,,,,,,,
La,cantante,Nina,Zilli,positiva,al,#covid.,'Io,contagiata,forse,a,cena.,Attenti,ai,luoghi,chiusi,e,affollati',#ANSA,#coronavirus,,https://t.co/uUzbQ9AeaY,https://t.co/xmWJ2AIvpO,86,43,2020-10-19,14:54:32,,,,,,,,,,,,,,,,,,,,,,
"Kim Kardashian, 40 anni per la pi√π famosa del mondo Da reality star a imprenditrice milionaria. Ma il Covid rovina la festa #ANSA
https://t.co/3Ib1Zs25vk https://t.co/Q8vJ0YLQtJ",9,3,2020-10-19,14:43:25,,,,,,,,,,,,,,,,,,,,,,,,,,,,,,,,,,,,,,,,,,,,
"#Covid, Galli: ""Paghiamo il calo d'attenzione iniziato in estate"" VIDEO #ANSA
https://t.co/yj3fhyGJBa",286,68,2020-10-19,14:36:04,,,,,,,,,,,,,,,,,,,,,,,,,,,,,,,,,,,,,,,,,,,,
#covid,,#Locatelli,'Le,prime,vaccinazioni,la,prossima,primavera.,Si,comincer√†,dalle,categorie,fragili,,,il,personale,sanitario,le,forze,dell'ordine',#ANSA,'https://t.co/FvMNyHv3eU,31,14,2020-10-19,12:36:42,,,,,,,,,,,,,,,,,,,,,
"Nel 2020, tra i 26 Stati membri dell'#Ue si sono verificati 168mila decessi in pi√π durante le settimane tra marzo e giugno rispetto al numero medio dello stesso periodo nel quadriennio 2016-2019. Lo rende noto #Eurostat. #ANSA #19ottobre
https://t.co/ubzkBh05t6",17,20,2020-10-19,12:13:35,,,,,,,,,,,,,,,,,,,,,,,,,,,,,,,,,,,,,,,,,,,,
"#Viminale, se urgente la chiusura √® possibile nell'arco delle 24 ore. 'Importante √® che l'ordinanza sia notificata ai locali'. #ANSA #19ottobre  @Viminale  #sindaci #covid
https://t.co/koSCzrasOI https://t.co/tcG2haOKqv",7,9,2020-10-19,11:10:18,,,,,,,,,,,,,,,,,,,,,,,,,,,,,,,,,,,,,,,,,,,,
"#dpcm #sindaci sul piede di guerra dopo la stretta anti-covid. Il presidente #Anci @Antonio_Decaro :'Non si capisce chi deve fare cosa'. Il sindaco di Bergamo @giorgio_gori :'Chiusure inapplicabili' #covid #coronavirus #ANSA
https://t.co/nJDB9jtx2o",14,8,2020-10-19,10:20:57,,,,,,,,,,,,,,,,,,,,,,,,,,,,,,,,,,,,,,,,,,,,
"I #sindaci insorgono contro il nuovo dpcm 'Scaricate su di noi tutte le responsabilit√†, la polizia locale non si occupa di #covid', dice il presidente dell'#Anci #Decaro.  #ANSA  #19ottobre - #conferenzaconte  #sindaci @Antonio_Decaro
https://t.co/f0OkCB3GaN",31,8,2020-10-19,09:21:18,,,,,,,,,,,,,,,,,,,,,,,,,,,,,,,,,,,,,,,,,,,,
"Dal nuovo Dpcm scompare la parola 'sindaci' per le restrizioni anti-movida. 
#ANSA #19ottobre  #sindaci - #conferenzaconte #covid #lockdown https://t.co/ncx0Olqg4A",22,16,2020-10-19,08:50:36,,,,,,,,,,,,,,,,,,,,,,,,,,,,,,,,,,,,,,,,,,,,
"Sono oltre 40 milioni i casi di #coronavirus nel mondo dall'inizio della #pandemia, secondo l'Afp.  I Paesi pi√π colpiti sono gli Stati Uniti con 8.154.935 contagi, l'India con 7.550.273 e il Brasile 5.235.344.
#ANSA #19ottobre #epidemia #virus
https://t.co/I3MuIfeJCG",12,10,2020-10-19,08:22:00,,,,,,,,,,,,,,,,,,,,,,,,,,,,,,,,,,,,,,,,,,,,
"L'economia cinese allunga il passo nella fase post #Covid-19 e
segna nel terzo trimestre del 2020 un #Pil in crescita annua del
4,9%. Per l'Fmi √® l'unico paese in crescita nel 2020. #ANSA #19ottobre
https://t.co/ynbySF7lip",137,67,2020-10-19,07:38:23,,,,,,,,,,,,,,,,,,,,,,,,,,,,,,,,,,,,,,,,,,,,
#Covid,#Conte,conferisce,pi√π,poteri,ai,#sindaci,con,il,nuovo,#dpcm,@GiuseppeConteIT,VIDEO,#ANSA,https://t.co/jhiZ50K3KU,43,17,2020-10-19,07:22:33,,,,,,,,,,,,,,,,,,,,,,,,,,,,,,
Il,testo,del,nuovo,#dpcm,con,le,norme,anti,contagio,da,#Covid,in,vigore,da,oggi,#ANSA,https://t.co/CB4bcS59lh,30,17,2020-10-19,06:49:35,,,,,,,,,,,,,,,,,,,,,,,,,,,
#Covid,Medici,,#Erekat,√®,in,coma,#ANSA,https://t.co/oDLma5OpSk,12,6,2020-10-19,06:46:27,,,,,,,,,,,,,,,,,,,,,,,,,,,,,,,,,,,,
"Il Dpcm scade il 13/11. Da mercoled√¨ ingresso nelle scuole superiori dalle 9. Norme valgono da oggi ma rafforzamento Dad superiori dal 21/10 . #ANSA #19ottobre  #sindaci #Dpcm 
@GiuseppeConteIT 
https://t.co/GA3nv6Z9ld",15,12,2020-10-19,06:33:35,,,,,,,,,,,,,,,,,,,,,,,,,,,,,,,,,,,,,,,,,,,,
"Covid: ancora casi in aumento, 11.705. I decessi sono 69. In Lombardia ""situazione critica""
#ANSA https://t.co/7oKfDMm1ox",16,13,2020-10-19,05:20:02,,,,,,,,,,,,,,,,,,,,,,,,,,,,,,,,,,,,,,,,,,,,
"Influencer ucraino negazionista muore di Covid a 33 anni
#ANSA https://t.co/DVOO9SXtRF",28,18,2020-10-19,05:15:02,,,,,,,,,,,,,,,,,,,,,,,,,,,,,,,,,,,,,,,,,,,,
"Dpcm, Conte: 'Non faccio previsioni sulle ferie natalizie., massima precauzione con parenti e amici'
#ANSA https://t.co/mQZ0JwXznS",68,28,2020-10-18,20:08:04,,,,,,,,,,,,,,,,,,,,,,,,,,,,,,,,,,,,,,,,,,,,
"üî¥Conte: 'Mes solo se serve per fabbisogno di cassa. non perdere tempo per scongiurare il lockdown'
#dpcm #conferenzastampa #ANSA https://t.co/wjhSTu5Lqw",17,9,2020-10-18,19:58:45,,,,,,,,,,,,,,,,,,,,,,,,,,,,,,,,,,,,,,,,,,,,
"üî¥Conte: 'I sindaci possono chiudere le piazze. Una settimana alle palestre per allinearsi a protocolli. Attivit√† didattiche in presenza
#dpcm #conferenzastampa #ANSA https://t.co/skihBZIJUP",114,68,2020-10-18,19:46:29,,,,,,,,,,,,,,,,,,,,,,,,,,,,,,,,,,,,,,,,,,,,
"üî¥ DPCM, tra pochi minuti la conferenza stampa del premier Conte in diretta. - TUTTE LE NOVITA' NELLA BOZZA 
#ANSA https://t.co/j66GLpklsj",15,3,2020-10-18,19:35:50,,,,,,,,,,,,,,,,,,,,,,,,,,,,,,,,,,,,,,,,,,,,
"#DPCM, tutte le novit√† della bozza: dalle zone rosse ai turni per le scuole alle norme per bar e ristoranti. Attesa per la #conferenzastampa del presidente Conte. 
#ANSA https://t.co/ma1na13PR7",38,18,2020-10-18,18:56:25,,,,,,,,,,,,,,,,,,,,,,,,,,,,,,,,,,,,,,,,,,,,
"#Calcio #SerieA segui la #direttagol di #RomaBenevento. Udinese all'ultimo respiro, 3-2 al Parma. Pussetto decide match allo scadere. Emiliani decimati dal #Covid #ANSA
https://t.co/3ogkKwt9Ta",3,1,2020-10-18,18:42:21,,,,,,,,,,,,,,,,,,,,,,,,,,,,,,,,,,,,,,,,,,,,
"Dpcm, nuove misure anti covid. Tensione su scuola e palestre. Ora nuovo punto con le Regioni. Attesa per la conferenza stampa del presidente Conte
#ANSA",114,23,2020-10-18,18:30:14,,,,,,,,,,,,,,,,,,,,,,,,,,,,,,,,,,,,,,,,,,,,
"Dpcm, nuove misure anti covid. Tensione su scuola e palestre. Tra poco la conferenza stampa del presidente Conte
#ANSA https://t.co/y7yQ9EiyWa",34,14,2020-10-18,17:54:55,,,,,,,,,,,,,,,,,,,,,,,,,,,,,,,,,,,,,,,,,,,,
"Influencer ucraino negazionista muore di Covid a 33 anni. 'Dicevo non esistesse, state in guardia', scriveva dall'ospedale
#ANSA https://t.co/sBSMrGuCus",148,99,2020-10-18,17:30:04,,,,,,,,,,,,,,,,,,,,,,,,,,,,,,,,,,,,,,,,,,,,
"Distinguere il Covid dall'influenza, lo Spallanzani sperimenter√† un test
#ANSA https://t.co/iJyHd95rf3",106,50,2020-10-18,17:17:03,,,,,,,,,,,,,,,,,,,,,,,,,,,,,,,,,,,,,,,,,,,,
"Distinguere Covid da influenza, Spallanzani sperimenter√† test
Assessore Lazio, ""presto al via, se validato sar√† preziosissimo"" #ANSA
https://t.co/NhkCqk4Y9f",79,36,2020-10-18,16:34:14,,,,,,,,,,,,,,,,,,,,,,,,,,,,,,,,,,,,,,,,,,,,
"Covid, in Lombardia 'situazione critica'. Quasi tremila degli oltre 11.700 casi ordierni si sono registrati nella Regione.
#ANSA https://t.co/9kYcJWrICx",28,31,2020-10-18,16:02:10,,,,,,,,,,,,,,,,,,,,,,,,,,,,,,,,,,,,,,,,,,,,
"#Covid: ancora casi in aumento, sono 11.705. I decessi sono 69. In #Lombardia quasi 3000 casi, ricoveri sopra quota 1000 
#ANSA
https://t.co/duB4OMo1uw",54,34,2020-10-18,15:29:10,,,,,,,,,,,,,,,,,,,,,,,,,,,,,,,,,,,,,,,,,,,,
"Verso il nuovo #dpcm, la conferenza stampa di Conte per illustrare le nuove misure anticontagio attesa stasera tra le 19 e le 20
#Covid #ANSA
 https://t.co/aEkUZETkyq",50,28,2020-10-18,14:54:39,,,,,,,,,,,,,,,,,,,,,,,,,,,,,,,,,,,,,,,,,,,,
"#Coronavirus, Locatelli: 'Crescita dei casi accelerata ma non esponenziale' 
#ANSA
https://t.co/FTTxluqf8y",30,10,2020-10-18,13:55:08,,,,,,,,,,,,,,,,,,,,,,,,,,,,,,,,,,,,,,,,,,,,
"Verso il nuovo #dpcm sulle misure anticontagio da #Covid. Conte riunir√† alle 16 i capi delegazione, poi la conferenza stampa
#ANSA
https://t.co/c2A5Zbi5yE",16,4,2020-10-18,13:49:07,,,,,,,,,,,,,,,,,,,,,,,,,,,,,,,,,,,,,,,,,,,,
"#Coronavirus, Rsa evacuata a Sambuca di Sicilia. 64 positivi e 4 morti VIDEO #ANSA
https://t.co/0zOiThzsi8",24,28,2020-10-18,13:38:21,,,,,,,,,,,,,,,,,,,,,,,,,,,,,,,,,,,,,,,,,,,,
"Verso il nuovo #dpcm sulle misure anticontagio: Conte riunisce alle 16 i capi delegazione, poi terr√† una conferenza stampa
#Covid #ANSA
https://t.co/90EHLRXcKu",12,3,2020-10-18,13:37:23,,,,,,,,,,,,,,,,,,,,,,,,,,,,,,,,,,,,,,,,,,,,
"#Covid, verso il nuovo #dpcm. Le Regioni: ""Stretta localizzata sui locali, in zone di movida o alti contagi""
#ANSA
https://t.co/gmm3XRl8IM",14,6,2020-10-18,12:03:04,,,,,,,,,,,,,,,,,,,,,,,,,,,,,,,,,,,,,,,,,,,,
"#Coronavirus la testimonianza di un medico: 'Abbiamo riaperto il reparto Covid, sembra un film gi√† visto'
#ANSA
 https://t.co/Eu4vPLWEZa",72,41,2020-10-18,11:58:37,,,,,,,,,,,,,,,,,,,,,,,,,,,,,,,,,,,,,,,,,,,,
"#Covid, verso il nuovo #dpcm: riunione tra Governo e Regioni. Azzolina: la #scuola resta in presenza per tutti, per le superiori una parte di didattica digitale ""√® gi√† presente""
#ANSA
https://t.co/kcEWXVMTys",21,10,2020-10-18,10:26:21,,,,,,,,,,,,,,,,,,,,,,,,,,,,,,,,,,,,,,,,,,,,
"#Covid, Antonio Ricci ricoverato ad Albenga in via precauzionale
#ANSA
https://t.co/NaO4BjTwIJ",16,9,2020-10-18,09:38:04,,,,,,,,,,,,,,,,,,,,,,,,,,,,,,,,,,,,,,,,,,,,
"Le misure anticontagio da #Covid nel nuovo #dpcm: il vertice notturno non scioglie i nodi, si tratta su bar e palestre. In corso riunione tra Governo e Regioni. Stasera atteso l'annuncio di Conte 
#ANSA
https://t.co/4R0cfBicrP",12,10,2020-10-18,09:30:53,,,,,,,,,,,,,,,,,,,,,,,,,,,,,,,,,,,,,,,,,,,,
"Assegno unico, vaccini, Sud, ecco le misure della #manovra
Fondi anti-Covid al trasporto locale. Oltre 6 miliardi alla scuola
#ANSA
https://t.co/WH4jpJHHkB",9,12,2020-10-18,07:07:27,,,,,,,,,,,,,,,,,,,,,,,,,,,,,,,,,,,,,,,,,,,,
"Covid: 400mila casi in un giorno nel mondo, √® record. In Europa 140mila al giorno, pi√π di India-Usa-Brasile insieme
#ANSA https://t.co/EiorZpbD5S",25,17,2020-10-18,06:05:02,,,,,,,,,,,,,,,,,,,,,,,,,,,,,,,,,,,,,,,,,,,,
"Donne e famiglie con bambini i nuovi poveri. Tanti hanno chiesto aiuto prima volta, anche commercianti. Il Rapporto Povert√† della Caritas disegna il ritratto dell'Italia sfiancata dall'effetto Covid
#ANSA https://t.co/nrRqJvRjAz",58,56,2020-10-18,05:55:02,,,,,,,,,,,,,,,,,,,,,,,,,,,,,,,,,,,,,,,,,,,,
"Covid, quasi 11mila contagi in un giorno. E adesso si attendono con timore i dati del fine settimana
#ANSA https://t.co/9WVP8dYymV",30,18,2020-10-18,05:45:02,,,,,,,,,,,,,,,,,,,,,,,,,,,,,,,,,,,,,,,,,,,,
"Covid: si tratta anche oggi sul nuovo dpcm, stasera atteso l'annuncio di Conte
https://t.co/dFEyUWO3V6",33,14,2020-10-18,04:52:48,,,,,,,,,,,,,,,,,,,,,,,,,,,,,,,,,,,,,,,,,,,,
"Manovra, terminato nella notte il Cdm: in arrivo un fondo Covid da 4 miliardi
https://t.co/rk4YQaTDPZ",19,10,2020-10-18,02:01:30,,,,,,,,,,,,,,,,,,,,,,,,,,,,,,,,,,,,,,,,,,,,
"#Calcio #SerieA  Morata non basta, #CrotoneJuventus √® 1-1 
Per Chiesa esordio con espulsione. Primo punto per i calabresi #ANSA https://t.co/hluavuSJKU",17,5,2020-10-17,21:16:49,,,,,,,,,,,,,,,,,,,,,,,,,,,,,,,,,,,,,,,,,,,,
"Covid, il Cts propone ingressi scaglionati nelle scuole superiori e nelle universit√†. Niente Dad, riorganizzazione dei trasporti e potenziamento del tracciamento 
#ANSA https://t.co/CtXhJKcVBm",48,20,2020-10-17,20:29:15,,,,,,,,,,,,,,,,,,,,,,,,,,,,,,,,,,,,,,,,,,,,
"Covid: 400mila casi in un giorno nel mondo, √® record. In Europa 140mila al giorno, pi√π di India-Usa-Brasile insieme
#ANSA https://t.co/sx3S8qrDYM",61,39,2020-10-17,19:47:16,,,,,,,,,,,,,,,,,,,,,,,,,,,,,,,,,,,,,,,,,,,,
"#Covid: nuovo record in #Francia, 32.427 nuovi casi. Tasso positivit√† al 13,1%, 90 i decessi #ANSA
https://t.co/x0udrvQXtp",27,23,2020-10-17,19:21:04,,,,,,,,,,,,,,,,,,,,,,,,,,,,,,,,,,,,,,,,,,,,
"Covid: nuovo record in Francia, 32.427 nuovi casi. Tasso positivit√† al 13,1%, 90 i decessi. #ANSA
https://t.co/GwEpPh5FIu",34,19,2020-10-17,19:17:58,,,,,,,,,,,,,,,,,,,,,,,,,,,,,,,,,,,,,,,,,,,,
"Serie A, in campo #CrotoneJuve - DIRETTA
Dragus positivo, nuovi tamponi per i calabresi
#ANSA https://t.co/HAdGVR7P5C",4,1,2020-10-17,19:00:52,,,,,,,,,,,,,,,,,,,,,,,,,,,,,,,,,,,,,,,,,,,,
"Covid, il Piemonte difende le aperture fino alle 24. 'Niente assembramenti ma no al coprifuoco. I parrucchieri restino aperti'
#ANSA https://t.co/jzuqEZdNOf",45,17,2020-10-17,18:49:28,,,,,,,,,,,,,,,,,,,,,,,,,,,,,,,,,,,,,,,,,,,,
"#Calcio #Serie A #InterMilan 1-2 doppietta Ibrahimovic e gol di Lukaku #SampdoriaLazio 3-0 reti di Quagliarella, Augello e  Damsgaard #ANSA
https://t.co/hSFvTSm3rA",13,3,2020-10-17,18:15:26,,,,,,,,,,,,,,,,,,,,,,,,,,,,,,,,,,,,,,,,,,,,
"#Covid: allarme Interpol, ferretti mascherine aprono manette
Circolare a tutte le questure d'Italia. #ANSA
https://t.co/GqJUeECiC5",132,78,2020-10-17,17:48:11,,,,,,,,,,,,,,,,,,,,,,,,,,,,,,,,,,,,,,,,,,,,
"#Manovra: governo a sindacati, proroga Cig Covid con dl
fino al 31 dicembre. Poi nella legge di Bilancio altre 18 settimane per 2021 #ANSA
https://t.co/7eqXnchNrb",9,9,2020-10-17,16:49:16,,,,,,,,,,,,,,,,,,,,,,,,,,,,,,,,,,,,,,,,,,,,
"#Calcio #SerieA segui la #direttagol di #InterMilan Nerazzurri  con Lukaku-Lautaro, Leao nei tre dietro Ibra. Conte sceglie Brozovic, rossoneri ritrovano Romagnoli. In campo alle 18 anche #SampdoriaLazio #ANSA 
https://t.co/PNZ0lEf5v3",6,0,2020-10-17,15:56:32,,,,,,,,,,,,,,,,,,,,,,,,,,,,,,,,,,,,,,,,,,,,
"#Covid, i dati del #17ottobre: ancora casi in aumento 10.925. I decessi sono 47
#ANSA
https://t.co/phblCjUR6c",18,13,2020-10-17,15:23:27,,,,,,,,,,,,,,,,,,,,,,,,,,,,,,,,,,,,,,,,,,,,
"Verso il nuovo #dpcm: ""Nessuna chiusura per i #parrucchieri, si valuta per #palestre"". Le misure allo studio 
#Covid #ANSA
https://t.co/XdqNYExhlZ",34,29,2020-10-17,14:45:05,,,,,,,,,,,,,,,,,,,,,,,,,,,,,,,,,,,,,,,,,,,,
"#Covid:  a Napoli nuova protesta delle mamme: 'Ridateci la scuola'. Secondo giorno di manifestazione contro l'ordinanza di De Luca #ANSA
https://t.co/hsZ4Jm8DGj",42,18,2020-10-17,14:32:55,,,,,,,,,,,,,,,,,,,,,,,,,,,,,,,,,,,,,,,,,,,,
"Positiva al #coronavirus la ministra degli Esteri  belga. Il presidente tedesco #Steinmeier in quarantena
#Covid #ANSA
https://t.co/gDCVoHHht6",9,9,2020-10-17,14:18:08,,,,,,,,,,,,,,,,,,,,,,,,,,,,,,,,,,,,,,,,,,,,
"#Covid: restrizioni per 28 milioni di persone in Inghilterra
Scattano le misure decise dal governo di Boris Johnson #ANSA
https://t.co/IlCP4ZxihQ",18,9,2020-10-17,13:39:57,,,,,,,,,,,,,,,,,,,,,,,,,,,,,,,,,,,,,,,,,,,,
"#Coronavirus, verso un nuovo dpcm. @robersperanza : 'Smart working sia al 75%. Salvaguardare scuola e lavoro'
#ANSA
https://t.co/XTQTFeZbY8",27,16,2020-10-17,11:15:09,,,,,,,,,,,,,,,,,,,,,,,,,,,,,,,,,,,,,,,,,,,,
"#Covid: un caso a Santa Marta, la residenza del #Papa
#ANSA 
https://t.co/dEznXayqEN",15,12,2020-10-17,11:04:52,,,,,,,,,,,,,,,,,,,,,,,,,,,,,,,,,,,,,,,,,,,,
"#Covid e #calcio, #Dragus positivo, nuovi tamponi per il #Crotone. Stasera la partita con la #Juve. Un altro caso al #Parma. Contagiati anche un calciatore del #Torino e due membri dello staff 

https://t.co/jdd21Wzyw4",7,7,2020-10-17,10:32:28,,,,,,,,,,,,,,,,,,,,,,,,,,,,,,,,,,,,,,,,,,,,
"#Coronavirus, l'annuncio della #Pfizer sul #vaccino e la precisazione di @RobertoBurioni  
#ANSA
https://t.co/VEwKyat2I6",65,22,2020-10-17,10:05:41,,,,,,,,,,,,,,,,,,,,,,,,,,,,,,,,,,,,,,,,,,,,
"#Covid: #Cgia, rischiamo di bruciare 160 miliardi di ricchezza
#ANSA
https://t.co/T2oxbJ6uI3",6,2,2020-10-17,09:42:09,,,,,,,,,,,,,,,,,,,,,,,,,,,,,,,,,,,,,,,,,,,,
"Fiutare il #Covid? In #AltoAdige l'addestramento di alcuni #cani 
#animali #VIDEO #ANSA
https://t.co/IsbPGFAOjb",26,7,2020-10-17,09:40:13,,,,,,,,,,,,,,,,,,,,,,,,,,,,,,,,,,,,,,,,,,,,
"#Covid, un positivo nel #Crotone. Oggi in programma la partita con la Juventus
#CrotoneJuve
#ANSA
https://t.co/nFHurb804I",10,5,2020-10-17,08:22:48,,,,,,,,,,,,,,,,,,,,,,,,,,,,,,,,,,,,,,,,,,,,
"#Coronavirus @RobertoBurioni : 'Vaccino entro novembre'. La #Pfizer pronta a chiedere l'autorizzazione all'agenzia americana Fda nella terza settimana del mese
#ANSA
  https://t.co/ixMXHtwTzp",194,61,2020-10-17,08:18:16,,,,,,,,,,,,,,,,,,,,,,,,,,,,,,,,,,,,,,,,,,,,
"#Coronavirus, allarme della @CaritasItaliana: aumentano i nuovi poveri, sono il 45%. Italiani e famiglie con minori, ma anche piccoli commercianti
#ANSA
https://t.co/iRhstfbjtV",127,100,2020-10-17,07:23:15,,,,,,,,,,,,,,,,,,,,,,,,,,,,,,,,,,,,,,,,,,,,
"#Coronavirus dai tamponi al tracing, ecco che cosa non sta funzionando
Arcuri: 'Mancano 1.600 terapie intensive'
#ANSA
https://t.co/EKJlhXCPQl",23,9,2020-10-17,07:16:21,,,,,,,,,,,,,,,,,,,,,,,,,,,,,,,,,,,,,,,,,,,,
"#Coronavirus Lo spettacolo prova a resistere ma gi√† saltano eventi. Cresce l'apprensione per la seconda ondata in un settore gi√† allo stremo
#ANSA
https://t.co/JerqRfBTPj",26,15,2020-10-17,06:55:02,,,,,,,,,,,,,,,,,,,,,,,,,,,,,,,,,,,,,,,,,,,,
"#Coronavirus, tra domani e luned√¨ un nuovo dpcm. Tra le ipotesi sul tavolo un coprifuoco, a partire dalle 22 o dalle 23, durante la settimana. E, nei weekend, misure pi√π stringenti
#ANSA
https://t.co/Tmz0sveWC3",47,32,2020-10-17,06:30:21,,,,,,,,,,,,,,,,,,,,,,,,,,,,,,,,,,,,,,,,,,,,
"#Covid,  contagi a quota 10mila. Il governo verso una nuova stretta. Conte: non un #lockdown ma una nuova strategia
#ANSA https://t.co/sr5ciUVvZV",11,8,2020-10-17,06:30:03,,,,,,,,,,,,,,,,,,,,,,,,,,,,,,,,,,,,,,,,,,,,
"Fabrizio #Corona: 'Sono positivo al #Covid'
#ANSA
https://t.co/JIUlvCG0JZ",26,8,2020-10-17,06:15:02,,,,,,,,,,,,,,,,,,,,,,,,,,,,,,,,,,,,,,,,,,,,
"#Covid, il nuovo dpcm arriver√† tra domani e luned√¨
https://t.co/0eYGDuAJa4",77,22,2020-10-17,03:15:39,,,,,,,,,,,,,,,,,,,,,,,,,,,,,,,,,,,,,,,,,,,,
"#Covid: #Inter, Bastoni negativo ma out nel derby 
#Calcio
#ANSA
https://t.co/qqa0AbuXxR",16,1,2020-10-16,21:24:15,,,,,,,,,,,,,,,,,,,,,,,,,,,,,,,,,,,,,,,,,,,,
"#Covid: #Lombardia, bar e ristoranti chiusi alle 24
#ANSA
https://t.co/tNKGcpuXS4",62,23,2020-10-16,20:59:53,,,,,,,,,,,,,,,,,,,,,,,,,,,,,,,,,,,,,,,,,,,,
"#Covid,  contagi a quota 10mila. Governo verso una nuova stretta. Conte: non un #lockdown, nuova strategia
#ANSA https://t.co/sr5ciUVvZV",48,25,2020-10-16,19:43:20,,,,,,,,,,,,,,,,,,,,,,,,,,,,,,,,,,,,,,,,,,,,
"La pandemia spinge il consumo di video in streaming, +16% in un anno
#ANSA
https://t.co/FPKmShULVg",19,6,2020-10-16,18:30:15,,,,,,,,,,,,,,,,,,,,,,,,,,,,,,,,,,,,,,,,,,,,
"Covid,  contagi a quota 10mila. I decessi sono 55, in calo rispetto agli 83 di ieri. I tamponi sono stati 150.377. 
#ANSA https://t.co/sr5ciUVvZV",45,23,2020-10-16,15:32:02,,,,,,,,,,,,,,,,,,,,,,,,,,,,,,,,,,,,,,,,,,,,
"#Covid: 39 milioni di contagi nel mondo, 2  milioni in una settimana. Quasi 1,1 milioni di morti, pi√π 100mila rispetto a fine settembre #ANSA
https://t.co/hgp5ZMTq7f",16,19,2020-10-16,15:27:06,,,,,,,,,,,,,,,,,,,,,,,,,,,,,,,,,,,,,,,,,,,,
"#Covid: Fipe, Dpcm pesa su bar e ristoranti 300 mln mese
Stoppani, a rischio 50mila aziende su 300mila #ANSA https://t.co/3JjdLU1ekl",10,9,2020-10-16,15:14:01,,,,,,,,,,,,,,,,,,,,,,,,,,,,,,,,,,,,,,,,,,,,
"VIDEO| Covid, blocco stradale ad Arzano contro il minilockdown
#ANSA https://t.co/1UWReDTOiL",21,6,2020-10-16,13:05:04,,,,,,,,,,,,,,,,,,,,,,,,,,,,,,,,,,,,,,,,,,,,
"Tribunale #Berlino d√† ragione ai bar, niente stop alle 23
La norma anti-covid era entrata in vigore da una settimana
#ANSA 
https://t.co/qJgn1O5ibj",119,76,2020-10-16,12:01:26,,,,,,,,,,,,,,,,,,,,,,,,,,,,,,,,,,,,,,,,,,,,
"#Covid: Finlandia, paese Babbo Natale abbandonato da turisti
Per restrizioni viaggi niente folla nella casa di Santa Claus #ANSA
https://t.co/0yUC1IU09J",36,15,2020-10-16,11:30:10,,,,,,,,,,,,,,,,,,,,,,,,,,,,,,,,,,,,,,,,,,,,
#Ricciardi:,'Proposti,stop,mirati,nelle,regioni,con,Rt,sopra,1.,,Scuole,aperte,,chiusi,esercizi,commerciali,non,essenziali',,,#Covid,#ANSA,https://t.co/H6yj46kX1e,79,41,2020-10-16,11:04:56,,,,,,,,,,,,,,,,,,,,,
"#Coronavirus Manifestazione a #Napoli contro la chiusura 
delle scuole - VIDEO
Insegnanti, bus scolastici e genitori in presidio alla Regione
#ANSA
https://t.co/1mXe1wA7Cf",40,15,2020-10-16,10:21:39,,,,,,,,,,,,,,,,,,,,,,,,,,,,,,,,,,,,,,,,,,,,
"Pressing #Cts al #governo: 'Stretta misure in vista del weekend. Nuova fase, superare l'attuale Dpcm, tra le ipotesi coprifuoco e Dad'.  #Covid #ANSA 
 https://t.co/CqWMsPtL9L",17,15,2020-10-16,10:09:01,,,,,,,,,,,,,,,,,,,,,,,,,,,,,,,,,,,,,,,,,,,,
"Visco, ritorno all'economia pre-Covid non prima di due anni.
Dati Pil 3.trimestre migliori del previsto. Italia usi bene #Recovery #ANSA
https://t.co/r5y7Vjjy8z",6,6,2020-10-16,10:04:16,,,,,,,,,,,,,,,,,,,,,,,,,,,,,,,,,,,,,,,,,,,,
#Covid:,#Europa,in,allerta,,i,leader,accelerano,su,#test,e,#tracciamento.,Conte:,'Avr√≤,confronto,periodico,con,gli,altri,leader'.,,#ANSA,,https://t.co/jkf1gmu23G,10,4,2020-10-16,10:04:16,,,,,,,,,,,,,,,,,,,,,
"#Covid Nuovo record in #Germania, oltre 7.300 casi
√à il secondo giorno consecutivo che Berlino registra numeri cos√¨ alti
#ANSA
https://t.co/91nx7EjRsl",11,12,2020-10-16,10:01:16,,,,,,,,,,,,,,,,,,,,,,,,,,,,,,,,,,,,,,,,,,,,
"#Covid La #Scala rinvia la presentazione della stagione 2O20-2021
Confermati gli spettacoli in programma fino al 19 ottobre
#ANSA
https://t.co/ki6S28Irag",20,9,2020-10-16,09:38:41,,,,,,,,,,,,,,,,,,,,,,,,,,,,,,,,,,,,,,,,,,,,
"#Covid: #Franceschini, 'Oggi vertice per nuove misure'. Zampa: 'Chiusura scuole ultima ratio' #ANSA
https://t.co/RWJnWLfQ8L",16,7,2020-10-16,09:05:51,,,,,,,,,,,,,,,,,,,,,,,,,,,,,,,,,,,,,,,,,,,,
"RT @AnsaScienza: #COVID__19  il rapporto positivi-tamponi sale al 5,4%
Sestili, aumenta anche il tempo di raddoppiodei  casi, ora √® di 6 gi‚Ä¶",0,11,2020-10-16,08:56:08,,,,,,,,,,,,,,,,,,,,,,,,,,,,,,,,,,,,,,,,,,,,
"In sei a cena, si scatena l'#ironia dei #social. Da Biancaneve e i 7 nani, a 007, all'irruzione delle forze speciali durante una festa cos√¨ il popolo della rete risponde alle misure contenute nel #Dpcm
#Covid #ANSA
https://t.co/C6vZGf8snf",52,15,2020-10-16,08:09:15,,,,,,,,,,,,,,,,,,,,,,,,,,,,,,,,,,,,,,,,,,,,
"#Covid, #Gelmini: 'Sono positiva, supereremo anche questa'. La capogruppo di Forza Italia alla Camera lo scrive su Facebook:  'Sto bene, al momento non ho alcun sintomo'
#ANSA
https://t.co/RieJmTAXtU",24,7,2020-10-16,07:56:53,,,,,,,,,,,,,,,,,,,,,,,,,,,,,,,,,,,,,,,,,,,,
"#Coronavirus, immunit√† di gregge bocciata da 80 esperti: Non ferma il virus'
#ANSA
https://t.co/4tWpyiOY71",28,12,2020-10-16,06:50:02,,,,,,,,,,,,,,,,,,,,,,,,,,,,,,,,,,,,,,,,,,,,
"#Coronavirus, Londra impone la quarantena per chi arriva dall'Italia
#ANSA
https://t.co/2lJdwidEQS",22,17,2020-10-16,06:20:02,,,,,,,,,,,,,,,,,,,,,,,,,,,,,,,,,,,,,,,,,,,,
"Valentino Rossi e Federica Pellegrini positivi al #Coronavirus. L'amarezza dei due campioni 
#ANSA
https://t.co/PcvODuNZnm",17,11,2020-10-16,06:00:27,,,,,,,,,,,,,,,,,,,,,,,,,,,,,,,,,,,,,,,,,,,,
"#Coronavirus 'Epidemia in fase acuta. Il virus circola in tutto il Paese'. Lo spiega il monitoraggio dell'Iss sui dati del contagio
#ANSA https://t.co/UJlK6OIY0f",43,22,2020-10-16,05:30:04,,,,,,,,,,,,,,,,,,,,,,,,,,,,,,,,,,,,,,,,,,,,
#Covid,la,paura,del,#lockdown,affonda,le,#borse,,l'economia,trema.,Mercati,europei,negativi,,#Milano,maglia,nera,cede,il,2,77%,#ANSA,#coronavirus,https://t.co/Z0G8E7R5zA,27,11,2020-10-15,19:38:52,,,,,,,,,,,,,,,,,,,,
"#Coronavirus Secondo il monitoraggio settimanale ministero della Salute-Iss  l'epidemia √® entrata in una fase acuta. Il virus oggi 'circola in tutto il Paese' e a livello nazionale l'indice di contagiosit√† Rt √® di 1,17
#ANSA
https://t.co/wwEAuRK4YP",64,45,2020-10-15,19:33:54,,,,,,,,,,,,,,,,,,,,,,,,,,,,,,,,,,,,,,,,,,,,
"Federica Pellegrini e Valentino Rossi positivi al #Coronavirus. L'amarezza dei due campioni
#ANSA
https://t.co/vMoDfmx1Lo",62,17,2020-10-15,18:19:47,,,,,,,,,,,,,,,,,,,,,,,,,,,,,,,,,,,,,,,,,,,,
"Covid: in Valle d'Aosta disposta la chiusura di tre Comuni. Tamponi a tutta popolazione di Saint-Denis, Verrayes e Chambave
#ANSA #COVID__19 https://t.co/EtyVteYcHF",29,17,2020-10-15,17:39:39,,,,,,,,,,,,,,,,,,,,,,,,,,,,,,,,,,,,,,,,,,,,
"#Coronavirus Valentino Rossi positivo, niente #GpAragon
'Soono triste e arrabbiato ma le cose stanno cos√¨ e non posso fare nulla per cambiarle'
#ANSA
 https://t.co/OixBotj3JO",28,10,2020-10-15,17:25:13,,,,,,,,,,,,,,,,,,,,,,,,,,,,,,,,,,,,,,,,,,,,
"RT @AnsaVeneto: &gt;ANSA-IL-PUNTO/COVID:Veneto, +600 contagi e 11 morti. Zaia su Immuni, nessun ostracismo, noi problemi come altri #ANSA http‚Ä¶",0,8,2020-10-15,17:12:51,,,,,,,,,,,,,,,,,,,,,,,,,,,,,,,,,,,,,,,,,,,,
"RT @AnsaPuglia: &gt;ANSA-IL-PUNTO/COVID: in Puglia contagi sopra media italiana. Sono il 16,9% contro il 10,7%. Oggi 257 positivi, 7 i morti #‚Ä¶",0,9,2020-10-15,17:12:27,,,,,,,,,,,,,,,,,,,,,,,,,,,,,,,,,,,,,,,,,,,,
"#Coronavirus, in Lombardia 2.067 contagi. In Campania, 1.127. Seguono il Piemonte (1.033), il Veneto (600), il Lazio (594) e lla Toscana (581)
#ANSA https://t.co/SMZum9WCeQ",19,15,2020-10-15,16:51:26,,,,,,,,,,,,,,,,,,,,,,,,,,,,,,,,,,,,,,,,,,,,
"Coronavirus, a Milano l'indice Rt oltre quota 2. Nella citt√†, gli ospedali Sacco e Fatebenefratelli accettano solo malati con Covid-19 
#ANSA https://t.co/9A2rxHFmt0",49,34,2020-10-15,16:42:37,,,,,,,,,,,,,,,,,,,,,,,,,,,,,,,,,,,,,,,,,,,,
"#Coronavirus, Londra impone la quarantena per gli arrivi dall'Italia. Lockdown parziale in Polonia
#ANSA
https://t.co/HZAI0JL2JE",26,24,2020-10-15,16:38:39,,,,,,,,,,,,,,,,,,,,,,,,,,,,,,,,,,,,,,,,,,,,
"RT @AnsaCalabria: &gt;ANSA-IL-PUNTO/COVID:scendono contagi in Calabria,da 60 a 39. Risultato positivo dipendente azienda ospedaliera Cosenza |‚Ä¶",0,9,2020-10-15,16:24:46,,,,,,,,,,,,,,,,,,,,,,,,,,,,,,,,,,,,,,,,,,,,
"il #Censis analizza il rapporto tra gli italiani e il #Covid-19: impauriti ma pronti alla seconda #ondata. Promosso lo #smartworking. Per 8 su 10 si alla #mascherina ovunque #ANSA
https://t.co/BAmUo4ATWp",38,19,2020-10-15,14:56:37,,,,,,,,,,,,,,,,,,,,,,,,,,,,,,,,,,,,,,,,,,,,
"#Ryanair chiude 3 basi e riduce voli invernali al 40% da novembre a marzo. Il taglio √® dovuto alle restrizioni sui viaggi imposte per far fronte all'epidemia da #coronavirus #ANSA
https://t.co/NOJPY07lln",19,14,2020-10-15,14:47:13,,,,,,,,,,,,,,,,,,,,,,,,,,,,,,,,,,,,,,,,,,,,
"Covid, in Abruzzo boom di casi. Valdaosta, tre Comuni a rischio
#ANSA https://t.co/mQiYRcxr9k",22,16,2020-10-15,14:28:50,,,,,,,,,,,,,,,,,,,,,,,,,,,,,,,,,,,,,,,,,,,,
"Al via il #Consiglioeuropeo. Sul tavolo #Brexit, #Recovery e #Covid. 
Sull'intesa con #Londra il premier Giuseppe Conte ha auspicato un'intesa: occorre stringere i tempi #ANSA #Ue
https://t.co/csJ5GvJNOA",6,9,2020-10-15,14:19:26,,,,,,,,,,,,,,,,,,,,,,,,,,,,,,,,,,,,,,,,,,,,
"#Covid: 2 positivi, 89 del #canottaggio in quarantena. Di ritorno da Europei Poznan. Abbagnale: 'Negativo ma sto a casa' #ANSA
https://t.co/FYjoTp0gD9",17,9,2020-10-15,14:11:39,,,,,,,,,,,,,,,,,,,,,,,,,,,,,,,,,,,,,,,,,,,,
"PiazzaAffari amplia il calo, paura per l'epidemia #Covid
#ANSA
https://t.co/LOR37GYA4T",6,4,2020-10-15,13:59:19,,,,,,,,,,,,,,,,,,,,,,,,,,,,,,,,,,,,,,,,,,,,
"Covid - Nelle prossime ore il Presidente della Regione Valle d'Aosta, Renzo #Testolin, dichiarer√† la 'zona rossa' in alcuni comuni della media valle. #ANSA #15ottobre #covid #lockdown #Vda #zonarossa
https://t.co/SGZZLZqbGR",14,11,2020-10-15,13:44:54,,,,,,,,,,,,,,,,,,,,,,,,,,,,,,,,,,,,,,,,,,,,
"#Covid, #Bonaccini: 'In caso di impennate della curva epidemiologica bisogna essere pronti a #lockdown molto parziali, diversamente sarebbe una pandemia economica', dice il governatore dell'Emilia Romagna.  #ANSA  #15 ottobre  @sbonaccini  @RegioneER
https://t.co/4wPRqDk4fK",74,16,2020-10-15,13:40:09,,,,,,,,,,,,,,,,,,,,,,,,,,,,,,,,,,,,,,,,,,,,
"#Covid, tre comuni valdostani verso la 'zona rossa'
#ANSA
https://t.co/ZjOUk6boBx",26,14,2020-10-15,13:34:07,,,,,,,,,,,,,,,,,,,,,,,,,,,,,,,,,,,,,,,,,,,,
"#Covid, Ottanta esperti bocciano l'immunit√† di gregge. 'E'  un errore pericoloso, non supportato da alcuna evidenza scientifica'.¬†#ANSA #15ottobre #pandemia #coprifuoco
https://t.co/fjfgfqaYkA",77,32,2020-10-15,12:48:06,,,,,,,,,,,,,,,,,,,,,,,,,,,,,,,,,,,,,,,,,,,,
"Mattarella: 'Il virus dell'individualismo pericoloso come il covid'
#ANSA https://t.co/TZXk8leRft",107,14,2020-10-15,12:35:04,,,,,,,,,,,,,,,,,,,,,,,,,,,,,,,,,,,,,,,,,,,,
"""L'Italia ha numeri molto diversi rispetto a quelli di altri Paesi europei"" ma ""non √® fuori da questa dinamica di crescita dei contagi  ormai evidente e innegabile"". Lo ha detto il ministro della #Salute Roberto #Speranza. #ANSA #15ottobre @robersperanza
https://t.co/EGQUKwKbRD",14,7,2020-10-15,12:03:56,,,,,,,,,,,,,,,,,,,,,,,,,,,,,,,,,,,,,,,,,,,,
"L'evoluzione della situazione #coronavirus in #Europa √® ""molto preoccupante"". Lo ha detto il direttore dell'ufficio regionale dell'#Oms, Hans Kluge, nel corso di un briefing sul Covid-19.
#ANSA #15ottobre #pandemia #coprifuoco
https://t.co/CU2t6lOsBh",12,8,2020-10-15,11:59:56,,,,,,,,,,,,,,,,,,,,,,,,,,,,,,,,,,,,,,,,,,,,
"#Covid, #Oms: 'La situazione in Europa √® molto preoccupante' @WHO 
#ANSA
https://t.co/y7seMwxhtK",29,16,2020-10-15,11:07:45,,,,,,,,,,,,,,,,,,,,,,,,,,,,,,,,,,,,,,,,,,,,
"#Covid, blocco stradale nel Napoletano contro il minilockdown. 
Fino al 23 ottobre dopo impennata #contagi #ANSA #15ottobre #lockdown 
https://t.co/pq7UtMEEZL",11,6,2020-10-15,10:02:17,,,,,,,,,,,,,,,,,,,,,,,,,,,,,,,,,,,,,,,,,,,,
"#Coronavirus: record di morti in #Russia, 286 in 24 ore
Allarme #positivi anche in #Germania, #Londra passer√† al livello di ""allerta alta"" da sabato. #ANSA #15ottobre #coprifuoco
https://t.co/DB3pjhHbEB https://t.co/KkTD7YKcnk",26,18,2020-10-15,09:48:02,,,,,,,,,,,,,,,,,,,,,,,,,,,,,,,,,,,,,,,,,,,,
"#Covid, Il governatore del #Piemonte #Cirio chiede  test rapidi ai valichi di confine con la #Francia 'per garantire il presidio massimo e assoluto dei territori'. #ANSA #15ottobre 
https://t.co/Kylk582kA2",30,8,2020-10-15,09:25:03,,,,,,,,,,,,,,,,,,,,,,,,,,,,,,,,,,,,,,,,,,,,
"Quattro calciatori del Parma positivi, la squadra in isolamento #Coronavirus
#ANSA
https://t.co/NXU2vodke4",18,8,2020-10-15,07:01:12,,,,,,,,,,,,,,,,,,,,,,,,,,,,,,,,,,,,,,,,,,,,
"Da #Cr7 a #Fognini, ecco gli atleti positivi al #Coronavirus - #VIDEO
#ANSA
https://t.co/oF9s9WMVYD",5,5,2020-10-15,06:10:02,,,,,,,,,,,,,,,,,,,,,,,,,,,,,,,,,,,,,,,,,,,,
"#Coronavirus, record di contagi in Italia, si teme #lockdown a Natale
#ANSA
https://t.co/DaTBCB0vru",23,14,2020-10-15,05:20:02,,,,,,,,,,,,,,,,,,,,,,,,,,,,,,,,,,,,,,,,,,,,
"#Coronavirus, record di contagi in Italia, si teme #lockdown a Natale
#ANSA
https://t.co/1xscryU3Ng",115,43,2020-10-14,21:53:47,,,,,,,,,,,,,,,,,,,,,,,,,,,,,,,,,,,,,,,,,,,,
"Anche il figlio di Donald e Melania Trump √® stato positivo al #Coronavirus. Ora sta bene, spiega la madre
#ANSA
https://t.co/RNTFxKKfiR",26,3,2020-10-14,21:14:55,,,,,,,,,,,,,,,,,,,,,,,,,,,,,,,,,,,,,,,,,,,,
"#Covid, la linea dura di #Macron. Coprifuoco in molte citt√† francesi
#ANSA
https://t.co/C0SoAIUogT",32,18,2020-10-14,19:59:34,,,,,,,,,,,,,,,,,,,,,,,,,,,,,,,,,,,,,,,,,,,,
"#Coronavirus, il nodo del trasporto pubblico. Ipotesi di nuovi scaglionamenti per le scuole
#ANSA
https://t.co/f3fNiqMQE7",22,6,2020-10-14,19:30:09,,,,,,,,,,,,,,,,,,,,,,,,,,,,,,,,,,,,,,,,,,,,
"#Covid, in Gran Bretagna ancora record, sfiorati i 20mila casi in 24 ore
#ANSA
https://t.co/Mq3CdyCazP",29,24,2020-10-14,19:02:53,,,,,,,,,,,,,,,,,,,,,,,,,,,,,,,,,,,,,,,,,,,,
RT,@AnsaValledAosta:,COVID-19,,il,punto,in,Valle,d'Aosta.,Cento,casi,positivi,in,pi√π,in,3,giorni,ricoverata,quattordicenne,#ANSA,https://t.‚Ä¶,0,11,2020-10-14,19:00:22,,,,,,,,,,,,,,,,,,,,,,,,
"RT @AnsaTrentinoAA: &gt;ANSA-IL-PUNTO/COVID, tre morti in una Rsa in Trentino. Aumentano in Alto Adige contagi e ricoveri |#ANSA https://t.co/‚Ä¶",0,6,2020-10-14,18:59:12,,,,,,,,,,,,,,,,,,,,,,,,,,,,,,,,,,,,,,,,,,,,
RT,@AnsaToscana:,COVID,,il,punto,in,Toscana.,Oltre,11000,tamponi,in,un,giorno.,Giani,stop,visite,parenti,Rsa,#ANSA,https://t.co/vepDhhWwbP,0,5,2020-10-14,18:58:48,,,,,,,,,,,,,,,,,,,,,,,,
RT,@AnsaSicilia:,Covid:,366,nuovi,positivi,in,Sicilia.,Due,deceduti,,54,guariti,|,#ANSA,https://t.co/cBkgdGirZX,0,7,2020-10-14,18:58:23,,,,,,,,,,,,,,,,,,,,,,,,,,,,,
RT,@AnsaMarche:,Covid:,nelle,Marche,72,ricoverati,,6,in,24ore.,Oggi,i,positivi,(degenti,pi√π,isolati),sono,1537,https://t.co/JFGikBbZFW,0,8,2020-10-14,18:55:55,,,,,,,,,,,,,,,,,,,,,,,,,
RT,@AnsaRomaLazio:,Covid:,nel,Lazio,record,di,tamponi,,15mila,e,500.,543,i,casi,positivi,,5,decessi,e,112,guariti,#ANSA,https://t.co/8PdSZw‚Ä¶,0,10,2020-10-14,18:54:39,,,,,,,,,,,,,,,,,,,,,
"#Covid, 4 calciatori del #Parma positivi, squadra in isolamento
#ANSA
https://t.co/JarRC6sPzr",18,11,2020-10-14,18:53:10,,,,,,,,,,,,,,,,,,,,,,,,,,,,,,,,,,,,,,,,,,,,
"#Francia, il presidente Macron parla in diretta tv alla nazione: Stato d'emergenza da venerd√¨ e #coprifuoco dalle 21, a partire da sabato, nella regione di #Parigi e nelle citt√† ad alto rischio.   #ANSA 
#14ottobre @EmmanuelMacron #covid #France #pandemia
https://t.co/Hk9ErQFgLs",54,38,2020-10-14,18:50:14,,,,,,,,,,,,,,,,,,,,,,,,,,,,,,,,,,,,,,,,,,,,
"RT @Ansa_Fvg: &gt;ANSA-IL PUNTO/COVID: 182 nuovi contagi, √® record in Fvg. Fedriga, no test a primo starnuto, evitare blocco scuola #ANSA http‚Ä¶",0,9,2020-10-14,18:34:25,,,,,,,,,,,,,,,,,,,,,,,,,,,,,,,,,,,,,,,,,,,,
RT,@Ansa_ER:,Covid:,in,E-R,4,morti,e,ricoveri,in,crescita.,Alcune,case,di,riposo,chiudono,le,porte,ai,visitatori,#ANSA,https://t.co/EpLbz61‚Ä¶,0,9,2020-10-14,18:33:58,,,,,,,,,,,,,,,,,,,,,,,
RT,@AnsaCalabria:,Covid:,aumentano,ancora,positivi,in,Calabria,,da,44,a,60.,Pi√π,casi,attivi,,da,798,a,846,.Eseguiti,228678,tamponi,|#ANSA‚Ä¶,0,5,2020-10-14,18:33:37,,,,,,,,,,,,,,,,,,,,
RT @AnsaBasilicata: &gt;ANSA-IL-PUNTO/COVID:rallenta aumento positivi in Basilicata. Oggi √® cominciata la distribuzione dei vaccini anti-influ‚Ä¶,0,5,2020-10-14,18:32:28,,,,,,,,,,,,,,,,,,,,,,,,,,,,,,,,,,,,,,,,,,,,
RT,@AnsaAbruzzo:,Covid:il,punto,in,Abruzzo,126,casi,e,70,positivi,in,Rsa,https://t.co/BRHDM3SYU6,0,13,2020-10-14,18:29:05,,,,,,,,,,,,,,,,,,,,,,,,,,,,,,,
"Da #Cr7 a #Fognini, ecco tutti gli atleti positivi al #Coronavirus - #VIDEO
#ANSA
https://t.co/MnTMEEgGJu",4,3,2020-10-14,18:25:20,,,,,,,,,,,,,,,,,,,,,,,,,,,,,,,,,,,,,,,,,,,,
"#Covid,  media: i ristoranti in #Germania chiuderanno alle 23. Obbligo di #mascherina nelle zone dove si registra un aumento dei casi. #ANSA #14ottobre #pandemia 
https://t.co/Hk9ErQFgLs",22,19,2020-10-14,17:36:26,,,,,,,,,,,,,,,,,,,,,,,,,,,,,,,,,,,,,,,,,,,,
"#Covid,  media: '#Macron annuncer√† il coprifuoco a #Parigi
e  in altre citt√† dove √®  massima allerta. Scatter√† la sera alle 21'.  #ANSA #14ottobre #Francia #France @EmmanuelMacron 
https://t.co/Hk9ErQFgLs",21,22,2020-10-14,17:29:57,,,,,,,,,,,,,,,,,,,,,,,,,,,,,,,,,,,,,,,,,,,,
"RT @AnsaVeneto: &gt;ANSA-IL-PUNTO/COVID:Veneto,boom contagi,scoppia caso Immuni. In un giorno +657 casi,Usl finora non hanno inserito dati in‚Ä¶",0,11,2020-10-14,17:12:26,,,,,,,,,,,,,,,,,,,,,,,,,,,,,,,,,,,,,,,,,,,,
"#Italia e #Olanda al cimitero di #Bergamo, omaggio alle vittime del #Covid. Deposte corone fiori con #Mancini, #Vialli, #Oriali, #Percassi e #Gori. #ANSA #14ottobre @giorgio_gori @robymancio
https://t.co/ehoDCS0sry",19,11,2020-10-14,16:31:45,,,,,,,,,,,,,,,,,,,,,,,,,,,,,,,,,,,,,,,,,,,,
"#Covid:  in #Francia, da venerd√¨ torna lo stato d'emergenza. Era scaduto il 9 luglio e non era stato prorogato. #ANSA #14ottobre #pandemia #France
https://t.co/Hk9ErQFgLs",28,19,2020-10-14,16:09:48,,,,,,,,,,,,,,,,,,,,,,,,,,,,,,,,,,,,,,,,,,,,
RT,@Agenzia_Ansa:,La,ministra,dell'Istruzione,Lucia,#Azzolina,ribadisce,che,le,scuole,resteranno,aperte.,'Sono,gi√†,in,atto,misure,adeguate‚Ä¶,0,11,2020-10-14,15:11:27,,,,,,,,,,,,,,,,,,,,,,,,,,
"Record contagi in Italia, 7.332 casi in un giorno +++ FLASH #Coronavirus
#ANSA
https://t.co/2Bpr9ABmrH",144,59,2020-10-14,15:06:19,,,,,,,,,,,,,,,,,,,,,,,,,,,,,,,,,,,,,,,,,,,,
"Con 29.048 tamponi effettuati,  sono 1.844 i nuovi positivi registrati in Lombardia, di questi 1032 a Milano #Coronavirus
#ANSA
https://t.co/E8OhrVawt7",19,12,2020-10-14,14:55:12,,,,,,,,,,,,,,,,,,,,,,,,,,,,,,,,,,,,,,,,,,,,
"La ministra dell'Istruzione Lucia #Azzolina ribadisce che le scuole resteranno aperte. 'Sono gi√† in atto misure adeguate per la #didattica in presenza', ha sottolineato. #ANSA #14ottobre @AzzolinaLucia #scuola #lockdown2 #pandemia #covid
https://t.co/OOlNVP0RIn",43,11,2020-10-14,14:48:51,,,,,,,,,,,,,,,,,,,,,,,,,,,,,,,,,,,,,,,,,,,,
"Il presidente Mattarella ha ringraziato il governo per il lavoro fatto sinora sul Recovery fund spronando a mettere in campo la massima efficienza e rapidit√†.

#ANSA #Mattarella #Recovery #Conte #coronavirus #Covid  @Quirinale @GiuseppeConteIT

https://t.co/Kay1d3fKSB",31,17,2020-10-14,13:50:47,,,,,,,,,,,,,,,,,,,,,,,,,,,,,,,,,,,,,,,,,,,,
"""Valuto che ci rimangono quindici giorni per mettere in campo misure utili per invertire la tendenza"".  Cos√¨ il responsabile del reparto Malattie infettive dell'ospedale Sacco di Milano, Massimo Galli.

#ANSA #Covid #Coronaviris #Galli 

https://t.co/3OhVr4a0Yr",38,23,2020-10-14,13:38:11,,,,,,,,,,,,,,,,,,,,,,,,,,,,,,,,,,,,,,,,,,,,
"Funerali del pap√† di #Totti: in 30 alle esequie di Enzo, ""Lo sceriffo"". Cerimonia in forma ristretta per norme Covid, c'era anche Bruno. Guarda le foto e il video  #Conti. #ANSA  @OfficialASRoma @Totti #14ottobre
https://t.co/of0IRlEFy4",17,5,2020-10-14,13:28:54,,,,,,,,,,,,,,,,,,,,,,,,,,,,,,,,,,,,,,,,,,,,
"Fabio #Fognini √® risultato positivo al Covid-19.  E'  l'esito del tampone effettuato sul tennista azzurro all'#Open in corso a #Cagliari.
#ANSA #14ottobre @fabio_fognini #tennis 
https://t.co/SlauBYqW60",16,6,2020-10-14,12:48:29,,,,,,,,,,,,,,,,,,,,,,,,,,,,,,,,,,,,,,,,,,,,
"Anche il tennista Fabio #Fognini √® risultato positivo al #Covid
#ANSA
 https://t.co/e8VSvuTFRT",25,8,2020-10-14,12:31:14,,,,,,,,,,,,,,,,,,,,,,,,,,,,,,,,,,,,,,,,,,,,
"Il virologo #Crisanti: '#Lockdown a Natale? Credo sia nell'ordine delle cose' #Coronavirus #Covid
#ANSA
https://t.co/btHnx7RD34",65,29,2020-10-14,12:26:33,,,,,,,,,,,,,,,,,,,,,,,,,,,,,,,,,,,,,,,,,,,,
"L'ultima cena con gli apostoli sanzionati dai poliziotti e la conta dei sette nani. Sui social si scatena l'ironia sulle misure anti-Covid previste nell'ultimo Dpcm.

#ANSA #Dpcm #covid #coronavirus 

https://t.co/oHTG2ygSoB",32,12,2020-10-14,12:19:50,,,,,,,,,,,,,,,,,,,,,,,,,,,,,,,,,,,,,,,,,,,,
"Emergenza #Covid, non solo calcetto, anche anche s'istrumpa e tango nella lista dei divieti. Pubblicato sulla Gazzetta Ufficiale   
il decreto del ministro dello sport @vinspadafora 
#ANSA
https://t.co/BbjuvZhT2D",26,10,2020-10-14,10:56:58,,,,,,,,,,,,,,,,,,,,,,,,,,,,,,,,,,,,,,,,,,,,
"#Covid, l'Irlanda del nord chiude scuole e pub. Per 2 e 4 settimane, limiti anche a matrimoni e funerali 
#coronavirus #ANSA
https://t.co/VlBy7VzYaG",32,26,2020-10-14,10:42:40,,,,,,,,,,,,,,,,,,,,,,,,,,,,,,,,,,,,,,,,,,,,
"#Covid: superati i 38 milioni di #casi nel mondo.  Le #vittime sono 1.086.399
#coronavirus  #ANSA
https://t.co/LORYcAqGvn",10,8,2020-10-14,09:26:15,,,,,,,,,,,,,,,,,,,,,,,,,,,,,,,,,,,,,,,,,,,,
"""Potremo trovarci dalle attuali poche decine di pazienti ricoverati alle centinaia. Una situazione che potrebbe diventare esplosiva"". A sostenerlo √® il direttore della terapia intensiva dell'ospedale Sacco di Milano, Emanuele Catena

#ANSA #Covid  #Milano

https://t.co/e7pNeAF6pu",15,14,2020-10-14,09:23:32,,,,,,,,,,,,,,,,,,,,,,,,,,,,,,,,,,,,,,,,,,,,
"Dai viaggiatori ""randagi"" attratti dalle destinazioni che garantiscono ""divertimento"" agli ""opportunisti"" alla ricerca di promozioni. Al TTG Travel Experience di Rimini si parler√† dei 16 profili dei turisti post Covid

#ANSA #turismo #Covid @TtgExpo 

https://t.co/ETJKg3ys6U",5,3,2020-10-14,08:59:39,,,,,,,,,,,,,,,,,,,,,,,,,,,,,,,,,,,,,,,,,,,,
"Alessia Marcuzzi positiva al Covid-19. La showgirl: ""Tutta la famiglia √® risultata negativa, io sono risultata leggermente positiva"". Salta la diretta in tv a Le Iene. 
#ANSA #Covid #coronavirus #Marcuzzi @lapinella @redazioneiene

https://t.co/D8G7u62J1I",16,6,2020-10-14,08:56:49,,,,,,,,,,,,,,,,,,,,,,,,,,,,,,,,,,,,,,,,,,,,
"Azzurri: #ElShaarawy negativo al tampone di controllo.
dopo l'esito positivo di quello a cui si √® sottoposto luned√¨ sera nel ritiro della Nazionale a Bergamo  #Covid #ANSA
https://t.co/YmDbZzYfsM https://t.co/FNeD1bhfg7",17,4,2020-10-14,06:30:04,,,,,,,,,,,,,,,,,,,,,,,,,,,,,,,,,,,,,,,,,,,,
"Il ritorno di #Trump: 'Sono immune ora. Mi sento forte. Vi bacer√≤ tutti' #Covid #ANSA
https://t.co/91gFdfAA4l https://t.co/63HHXna32R",28,12,2020-10-14,06:15:03,,,,,,,,,,,,,,,,,,,,,,,,,,,,,,,,,,,,,,,,,,,,
"Anche #CristianoRonaldo positivo al #Covid
 #Ronaldo #CR7 #ANSA
https://t.co/O45YdpX4gj https://t.co/x8IGWMVlfb",20,6,2020-10-14,06:00:28,,,,,,,,,,,,,,,,,,,,,,,,,,,,,,,,,,,,,,,,,,,,
"#Conte: 'Non manderemo le forze di polizia nelle abitazioni
private, per√≤ dobbiamo assumere comportamenti prudenti' #Covid #ANSA
https://t.co/Fbo3SdlScS https://t.co/g2gtnwuWxp",72,15,2020-10-14,05:45:02,,,,,,,,,,,,,,,,,,,,,,,,,,,,,,,,,,,,,,,,,,,,
"Quasi 6mila casi in 24 ore. Schizzano le terapie intensive. L'allarme dei medici: se i casi aumentano la tenuta degli ospedali non oltre due mesi  #Covid #ANSA
https://t.co/WbjAffD4aK https://t.co/YmPg0gEzv9",79,45,2020-10-14,05:30:04,,,,,,,,,,,,,,,,,,,,,,,,,,,,,,,,,,,,,,,,,,,,
RT,@Ansa_Piemonte:,Covid,in,Piemonte,,8,ricoveri,in,terapia,intensiva.,Contagi,588,,numero,pi√π,alto,di,tamponi:,oltre,9000,#ANSA,https://‚Ä¶,0,7,2020-10-13,20:25:46,,,,,,,,,,,,,,,,,,,,,,
"Azzurri: #ElShaarawy negativo al tampone di controllo.
dopo l'esito positivo di quello a cui si √® sottoposto ieri sera nel ritiro della Nazionale a Bergamo  #Covid #ANSA
https://t.co/SMqHEHolNE",18,3,2020-10-13,19:19:01,,,,,,,,,,,,,,,,,,,,,,,,,,,,,,,,,,,,,,,,,,,,
"#Coronavirus #lockdown parziale in #Olanda, chiusi bar e ristoranti. Il premier #Rutte: 'scelta dolorosa ma necessaria. In #Gb 143 morti in 24 ore, √® record da giugno #ANSA 
https://t.co/jgi0NspZSA",65,52,2020-10-13,18:51:06,,,,,,,,,,,,,,,,,,,,,,,,,,,,,,,,,,,,,,,,,,,,
"Primo caso in Nazionale: #ElShaarawy √® positivo. Medico degli azzurri: 'Ma la carica √® virale bassa, potrebbe anche essere un falso positivo'  #Covid #ANSA
https://t.co/BCn6EfGc3P https://t.co/BUrXpkHUbB",25,6,2020-10-13,18:00:55,,,,,,,,,,,,,,,,,,,,,,,,,,,,,,,,,,,,,,,,,,,,
"RT @Ansa_Piemonte: &gt;ANSA-IL-PUNTO/COVID, a Citt√† Salute pronti nuovi reparti. ""Situazione sotto controllo"". Piemonte, +8 terapie intensive‚Ä¶",0,9,2020-10-13,17:43:34,,,,,,,,,,,,,,,,,,,,,,,,,,,,,,,,,,,,,,,,,,,,
"RT @ANSA_Motori: Coronavirus, l'allarme del servizio pubblico: 'Trasporti a rischio con riempimento sotto l'80%'
#ANSAmotori https://t.co/1‚Ä¶",0,6,2020-10-13,17:36:53,,,,,,,,,,,,,,,,,,,,,,,,,,,,,,,,,,,,,,,,,,,,
RT,@AnsaSardegna:,Covid:,Sardegna,,pressione,cresce,ma,sistema,ospedali,regge.,In,Aula,assessore,Sanit√†,riferir√†,su,numero,posti,attivati,#‚Ä¶,0,9,2020-10-13,17:13:49,,,,,,,,,,,,,,,,,,,,,,,,
RT,@AnsaSicilia:,Covid:,in,Sicilia,334,nuovi,positivi,,oltre,8,mila,i,tamponi.,Due,morti,e,due,ricoveri,in,pi√π,in,terapia,intensiva,|,#ANSA‚Ä¶,0,12,2020-10-13,17:12:56,,,,,,,,,,,,,,,,,,,
RT,@AnsaPuglia:,Covid:,180,positivi,in,Puglia,,due,decessi.,92,casi,in,provincia,di,Bari,#ANSA,https://t.co/RT4Ob7h9L3,0,10,2020-10-13,17:12:18,,,,,,,,,,,,,,,,,,,,,,,,,,,
RT,@AnsaCalabria:,Covid:,in,Calabria,un,posto,occupato,sui,60,di,rianimazione.,In,un,mese,raddoppiati,casi,attivi,ma,ricoverati,calati,di,2‚Ä¶,0,8,2020-10-13,17:11:10,,,,,,,,,,,,,,,,,,,,,,
RT,@AnsaAbruzzo:,Covid:,146,casi,in,Abruzzo,√®,secondo,dato,pi√π,alto,di,sempre,https://t.co/JeW4R1hH0f,0,14,2020-10-13,17:04:39,,,,,,,,,,,,,,,,,,,,,,,,,,,,,,
RT,@AnsaMarche:,Covid,,nelle,Marche,82,positivi,nelle,ultime,24ore.,16,sintomatici,,39,contatti,in,casa,o,stretti,https://t.co/3taH8qoUXh,0,9,2020-10-13,17:00:53,,,,,,,,,,,,,,,,,,,,,,,,
RT,@Ansa_ER:,Covid:,in,E-R,341,casi,e,due,morti,,crescono,i,ricoveri.,Sono,sei,in,pi√π,di,ieri,i,pazienti,in,terapia,intensiva,#ANSA,https:/‚Ä¶,0,11,2020-10-13,16:59:26,,,,,,,,,,,,,,,,,,
"RT @AnsaVeneto: &gt;ANSA-IL-PUNTO/COVID: Veneto,+485 casi, ma ospedali reggono. Zaia, didattica a distanza scuole aiuterebbe trasporto pubblic‚Ä¶",0,8,2020-10-13,16:57:39,,,,,,,,,,,,,,,,,,,,,,,,,,,,,,,,,,,,,,,,,,,,
RT,@Ansa_Fvg:,Covid:,Fvg,,riaperta,terapia,intensiva,a,Trieste.,All'ospedale,Cattinara.,Riccardi,,a,Udine,utilizzati,tutti,posti,#ANSA,http‚Ä¶,0,18,2020-10-13,16:57:02,,,,,,,,,,,,,,,,,,,,,,,,
RT,@AnsaValledAosta:,Covid:,altri,33,nuovi,casi,positivi,in,Valle,d'Aosta.,Ora,sono,258,,salgono,a,11,i,ricoverati,(3,in,terapia,intensiva)‚Ä¶,0,9,2020-10-13,16:55:01,,,,,,,,,,,,,,,,,,,,,
"#CR7 positivo al #coronavirus. Il fuoriclasse bianconero in isolamento a #Lisbona - VIDEOGRAFICA
@Cristiano 
#ANSA
https://t.co/DZw3odHw7U",9,10,2020-10-13,16:41:14,,,,,,,,,,,,,,,,,,,,,,,,,,,,,,,,,,,,,,,,,,,,
"Professor  Cambieri del Gemelli di Roma: 'Ondata significativa, dal primo agosto mai segno meno'  #Coronavirus #Covid  VIDEO
#ANSA 
https://t.co/vt8LwTFUUe",18,11,2020-10-13,16:28:51,,,,,,,,,,,,,,,,,,,,,,,,,,,,,,,,,,,,,,,,,,,,
"#Covid: quasi 6mila casi in un giorno, 41 le vittime. Oltre 112mila tamponi, 27mila pi√π di ieri. Schizzano le terapie intensive, +62 in 24 ore
#ANSA
https://t.co/VF27U1nYeU",99,54,2020-10-13,15:19:35,,,,,,,,,,,,,,,,,,,,,,,,,,,,,,,,,,,,,,,,,,,,
"#Cr7 positivo al #coronavirus. E' in isolamento e asintomatico. Lo annuncia la federcalcio portoghese a poche ore dalla partita con la #Svezia #calcio @Cristiano
#ANSA
https://t.co/vHbloYAQja",41,19,2020-10-13,14:35:37,,,,,,,,,,,,,,,,,,,,,,,,,,,,,,,,,,,,,,,,,,,,
"#Coronavirus, sindaco #Khan, a #Londra nuova stretta inevitabile. 'Tutti gli indicatori lo suggeriscono'
#ANSA @SadiqKhan
https://t.co/QonlZmortp",10,8,2020-10-13,14:04:21,,,,,,,,,,,,,,,,,,,,,,,,,,,,,,,,,,,,,,,,,,,,
"#Coronavirus, Johnson &amp; Johnson sospende la sperimentazione per il #vaccino. E' accaduto dopo che uno dei partecipanti si e' ammalato. La multinazionale farmaceutica: 'Nel volontario malattia con cause da definire' #ANSA
https://t.co/tKRnllGMLY",16,22,2020-10-13,13:40:08,,,,,,,,,,,,,,,,,,,,,,,,,,,,,,,,,,,,,,,,,,,,
"#Coronavirus, in #Russia record di morti e infezioni. In #Belgio contagi +79% in una settimana. #Olanda va verso la chiusura totale dei ristoranti. Allarme ricoveri nelle terapie intensive a #Parigi. #Macron studia una nuova stretta #ANSA
https://t.co/S4CE2mnaKg",37,26,2020-10-13,13:12:42,,,,,,,,,,,,,,,,,,,,,,,,,,,,,,,,,,,,,,,,,,,,
"#Covid e lavoro, le precisazioni dell' #Inps. Ecco i casi nei quali verr√† riconosciuta la malattia - VIDEOGRAFICA
#ANSA
https://t.co/Abas2Stcu2",7,8,2020-10-13,12:02:58,,,,,,,,,,,,,,,,,,,,,,,,,,,,,,,,,,,,,,,,,,,,
"#Coronavirus, focolaio a #Mortara, 56 suore positive #ANSA
https://t.co/SZhaM7fD52",33,31,2020-10-13,11:54:37,,,,,,,,,,,,,,,,,,,,,,,,,,,,,,,,,,,,,,,,,,,,
"#Milan, #Bonera positivo al #coronavirus. E' collaboratore tecnico di #Pioli, negativi tutti i tamponi effettuati al gruppo squadra #calcio #ANSA
https://t.co/ZQ0jVlgrK9",8,3,2020-10-13,11:39:52,,,,,,,,,,,,,,,,,,,,,,,,,,,,,,,,,,,,,,,,,,,,
"#Tamponi rapidi dai pediatri, Biasci (Fimp): 'Servono chiarimenti, famiglie confuse'. 'Gli studi dei pediatri non sono attrezzati come un pronto soccorso' - VIDEO
#coronavirus #ANSA
https://t.co/0LzWHgW7Yi",5,7,2020-10-13,10:39:58,,,,,,,,,,,,,,,,,,,,,,,,,,,,,,,,,,,,,,,,,,,,
"Ecco il nuovo #Dpcm, divieto di feste private e stretta sulla #movida. #Conte e #Speranza raggiungono l'accordo con le Regioni - VIDEO
#coronavirus #ANSA
https://t.co/CSoSYwEuZH",9,5,2020-10-13,10:36:58,,,,,,,,,,,,,,,,,,,,,,,,,,,,,,,,,,,,,,,,,,,,
"Quali sono i test per trovare il #Covid-19. Ne esistono di due tipi e sono realizzabili in pochi minuti - VIDEO
#ANSA #coronavirus
https://t.co/vqEm0B26Zp",4,4,2020-10-13,10:32:41,,,,,,,,,,,,,,,,,,,,,,,,,,,,,,,,,,,,,,,,,,,,
#Covid-19,Il,nuovo,#dpcm:,divieto,di,feste,private,e,stretta,sulla,movida,VIDEO,#ANSA,ttp://ow.ly/mW5130reHhm,20,5,2020-10-13,10:10:03,,,,,,,,,,,,,,,,,,,,,,,,,,,,,,
#Covid-19 Johnson &amp; Johnson sospende la sperimentazione per il #vaccino #ANSA https://t.co/cFGLFPf4Go,21,20,2020-10-13,10:00:37,,,,,,,,,,,,,,,,,,,,,,,,,,,,,,,,,,,,,,,,,,,,
Quali,sono,i,test,per,trovare,il,#Covid-19,VIDEO,#ANSA,https://t.co/3a54bOG9Kr,5,2,2020-10-13,09:48:37,,,,,,,,,,,,,,,,,,,,,,,,,,,,,,,,,,
#Giro,Positivi,al,#Covid,due,ciclisti,e,sei,persone,di,staff,@giroditalia,#ANSA,https://t.co/JsSEKQqSUc,14,15,2020-10-13,08:50:48,,,,,,,,,,,,,,,,,,,,,,,,,,,,,,,
"EMERGENZA COVID - Stop alle gite scolastiche,mascherine anche in casa
#ANSA https://t.co/JTcPEBvP8k",24,9,2020-10-13,05:50:01,,,,,,,,,,,,,,,,,,,,,,,,,,,,,,,,,,,,,,,,,,,,
"#Coronavirus, record di casi in #Lombardia, oltre 4000 positivi. Circa 36 mila i tamponi, rapporto all' 11% 
#ANSA
https://t.co/r5mdc7uCin",29,8,2020-10-21,13:20:45,,,,,,,,,,,,,,,,,,,,,,,,,,,,,,,,,,,,,,,,,,,,
"Mascherine e distanza abbassano 1000 volte la carica virale #Coronavirus
#ANSA
https://t.co/MfDOljUZaH",48,33,2020-10-21,13:17:08,,,,,,,,,,,,,,,,,,,,,,,,,,,,,,,,,,,,,,,,,,,,
"#Covid, Irbm di Pomezia conferma: prime dosi di #vaccino entro dicembre 
#ANSA
https://t.co/tRLGJT6FoG",30,10,2020-10-21,12:50:56,,,,,,,,,,,,,,,,,,,,,,,,,,,,,,,,,,,,,,,,,,,,
"Neonata con #Covid in ospedale, la madre √® irreperibile
#ANSA
https://t.co/vX8Jx1KtuR",10,10,2020-10-21,12:45:28,,,,,,,,,,,,,,,,,,,,,,,,,,,,,,,,,,,,,,,,,,,,
